"episode_id_uint","id_uint","function_name","variant_name","function_type"
2122015592052985681150202379648398032,2122015592052985681150202260974141896,"generate_response","gpt_4o_mini","json"
2122015565106021229949973630055666710,2122015565106021229949973581407713660,"generate_response","gpt_4o","json"
2121891519780925442292379390143566294,2121891519780925442292379266190161743,"classify_intent","gpt_4o_mini","json"
2121891537039588500822061913187750211,2121891537039588500822061795924507647,"classify_intent","gpt_4o_mini","json"
2121891723459556000860378770890313430,2121891723459556000860378731979605461,"classify_intent","gpt_4o_mini","json"
2121891914862765924262646835824229811,2121891914862765924262646766930884869,"classify_intent","gpt_4o_mini","json"
2121891916575760942771460651279216185,2121891916575760942771460649168522044,"classify_intent","gpt_4o_mini","json"
2121891918013178484372599895830704031,2121891918013178484372599831155072023,"classify_intent","gpt_4o_mini","json"
2121891919471119981055932939530150913,2121891919471119981055932932157873186,"classify_intent","gpt_4o_mini","json"
2121891920802190105071900094364091723,2121891920802190105071900025252461751,"classify_intent","gpt_4o_mini","json"
2121891922337497565956696574361876304,2121891922337497565956696528960871567,"classify_intent","gpt_4o_mini","json"
2121891923600860795657325289630631332,2121891923600860795657325209137552110,"classify_intent","gpt_4o_mini","json"
2121891925024957056931605737055444368,2121891925024957056931605650782868739,"classify_intent","gpt_4o_mini","json"
2121891926181910910515017747041073417,2121891926181910910515017685113796034,"classify_intent","gpt_4o_mini","json"
2121891928387007560768331380347280973,2121891928387007560768331352923016694,"classify_intent","gpt_4o_mini","json"
2121891995847447741437287909488198750,2121891995847447741437287838034432816,"classify_intent","gpt_4o_mini","json"
2121891997358589352637552109568991099,2121891997358589352637552026053059654,"classify_intent","gpt_4o_mini","json"
2121891999701503583106461295443171736,2121891999701503583106461218978776098,"classify_intent","gpt_4o_mini","json"
2121892001872714545937866516034519428,2121892001872714545937866498026288022,"classify_intent","gpt_4o_mini","json"
2121892004005306027353492370284917347,2121892004005306027353492269113981687,"classify_intent","gpt_4o_mini","json"
2121892005471729522784738568972812526,2121892005471729522784738508806498363,"classify_intent","gpt_4o_mini","json"
2121892007108630727866141134407906846,2121892007108630727866141104329478904,"classify_intent","gpt_4o_mini","json"
2121892008589553051300888998966061492,2121892008589553051300888888886913030,"classify_intent","gpt_4o_mini","json"
2121892009698148025333506116294428133,2121892009698148025333506059539223355,"classify_intent","gpt_4o_mini","json"
2121892011191160250214982159736158239,2121892011191160250214982086809429723,"classify_intent","gpt_4o_mini","json"
2121893628438912116996615131442305418,2121893628438912116996615093705904855,"classify_intent","gpt_4o_mini","json"
2121893630461431180722212900361376324,2121893630461431180722212835973934669,"classify_intent","gpt_4o_mini","json"
2121893631787676480778864525705455984,2121893631787676480778864453913605372,"classify_intent","gpt_4o_mini","json"
2121893960218922753136609091780126897,2121893960218922753136609021437799449,"classify_intent","gpt_4o_mini","json"
2121894147835764301084927282149910143,2121894147835764301084927212008888649,"classify_intent","gpt_4o_mini","json"
2121894153138080479789376042937724350,2121894153138080479789375957807369932,"classify_intent","gpt_4o_mini","json"
2121894156113306598959802628718636079,2121894156113306598959802562507677892,"classify_intent","gpt_4o_mini","json"
2121894159279461734207778444392277187,2121894159279461734207778419986274191,"classify_intent","gpt_4o_mini","json"
2121894162654737208700208498388428150,2121894162654737208700208384887970817,"classify_intent","gpt_4o_mini","json"
2121894380368999467225582449415287909,2121894380368999467225582377249458064,"classify_intent","gpt_4o_mini","json"
2121894384045380367725651309749413480,2121894384045380367725651192344232588,"classify_intent","gpt_4o_mini","json"
2121894386597402682677044290275887786,2121894386597402682677044228769103009,"classify_intent","gpt_4o_mini","json"
2121894389692257542755372074906047724,2121894389692257542755372015184505637,"classify_intent","gpt_4o_mini","json"
2121894392388144725580092492402503042,2121894392388144725580092459614884857,"classify_intent","gpt_4o_mini","json"
2121896711057115767199070791746529034,2121896711057115767199070767789006774,"classify_intent","gpt_4o_mini","json"
2121898107281792212940437261672681251,2121898107281792212940437155198311773,"classify_intent","gpt_4o_mini","json"
2121898107281792212940437261672681251,2121898109159254304367291120954389405,"generate_response","gpt_4o_mini","chat"
2121898107281792212940437261672681251,2121898121121576471505353565576634805,"generate_response","gpt_4o_mini","chat"
2121898107281792212940437261672681251,2121898133063336013983087334523862589,"generate_response","gpt_4o_mini","chat"
2121898203103708030224522651968700512,2121898203103708030224522604257770573,"classify_intent","gpt_4o_mini","json"
2121898203103708030224522651968700512,2121898204796208288717239434591541683,"generate_response","gpt_4o_mini","chat"
2121898203103708030224522651968700512,2121898214907642632202538023532574986,"generate_response","gpt_4o_mini","chat"
2121898203103708030224522651968700512,2121898225418026236769269737414928419,"generate_response","gpt_4o_mini","chat"
2121898261499603265411118727816036785,2121898261499603265411118696692730551,"classify_intent","gpt_4o_mini","json"
2121898261499603265411118727816036785,2121898263843719305144847339765464072,"generate_response","gpt_4o_mini","chat"
2121898297091631687898854757392797478,2121898297091631687898854707592773631,"classify_intent","gpt_4o_mini","json"
2121898297091631687898854757392797478,2121898299528816418482351804840792656,"generate_response","gpt_4o_mini","chat"
2121898399886609222122203435096329868,2121898399886609222122203363533513231,"classify_intent","gpt_4o_mini","json"
2121898399886609222122203435096329868,2121898402031187198272519380714307687,"generate_response","gpt_4o_mini","chat"
2121898455834421703789337254699638324,2121898455834421703789337191399487715,"classify_intent","gpt_4o_mini","json"
2121898455834421703789337254699638324,2121898458283702719673211794276314532,"generate_response","gpt_4o_mini","chat"
2121898521289356938054541903356018177,2121898521289356938054541872170735928,"classify_intent","gpt_4o_mini","json"
2121898521289356938054541903356018177,2121898524729914716538099635411292991,"generate_response","gpt_4o_mini","chat"
2121898554659308000230600367968178030,2121898554659308000230600305611755202,"classify_intent","gpt_4o_mini","json"
2121898554659308000230600367968178030,2121898556556123255797143399652319105,"generate_response","gpt_4o_mini","chat"
2121898609648495493602329960058800548,2121898609648495493602329878645263130,"classify_intent","gpt_4o_mini","json"
2121898609648495493602329960058800548,2121898612240413558107448546197878511,"generate_response","gpt_4o_mini","chat"
2121898647735694271680680558443552671,2121898647735694271680680532766922663,"classify_intent","gpt_4o_mini","json"
2121898647735694271680680558443552671,2121898649630071841606412803394932864,"generate_response","gpt_4o_mini","chat"
2121899809867642827854535866828910819,2121899809867642827854535801799356489,"classify_intent","gpt_4o_mini","json"
2121899809867642827854535866828910819,2121899812325364261394868581326270162,"generate_response","gpt_4o_mini","chat"
2121899824137777858176366354165277425,2121899824137777858176366287845968008,"generate_response","gpt_4o_mini","chat"
2121899846569428848322490140110414447,2121899846569428848322490065151514934,"classify_intent","gpt_4o_mini","json"
2121899846569428848322490140110414447,2121899848935261558133407526251110038,"generate_response","gpt_4o_mini","chat"
2121901820673953300699220138060669898,2121901820673953300699220079474534485,"classify_intent","gpt_4o_mini","json"
2121901820673953300699220138060669898,2121901822397869695153294309848372204,"generate_response","gpt_4o_mini","chat"
2121901832099530697600502281496775622,2121901832099530697600502201222056434,"classify_intent","gpt_4o_mini","json"
2121901832099530697600502281496775622,2121901833403953968599586807050483256,"generate_response","gpt_4o_mini","chat"
2121901840726443370049227215367561901,2121901840726443370049227168391384842,"classify_intent","gpt_4o_mini","json"
2121901840726443370049227215367561901,2121901842133594932862537219838790715,"generate_response","gpt_4o_mini","chat"
2121901852824100591428339748139560227,2121901852824100591428339712492143997,"classify_intent","gpt_4o_mini","json"
2121901852824100591428339748139560227,2121901854525110281548131685741520979,"generate_response","gpt_4o_mini","chat"
2121901867327578280252901802556172808,2121901867327578280252901738909989460,"classify_intent","gpt_4o_mini","json"
2121901867327578280252901802556172808,2121901868603036988450314666982337127,"generate_response","gpt_4o_mini","chat"
2121901877140501229675724350181331683,2121901877140501229675724333638974724,"classify_intent","gpt_4o_mini","json"
2121901877140501229675724350181331683,2121901878475133439376094523271925062,"generate_response","gpt_4o_mini","chat"
2121901884221162306136135069778232099,2121901884221162306136135037131180465,"classify_intent","gpt_4o_mini","json"
2121901884221162306136135069778232099,2121901887344999503621760927673644186,"generate_response","gpt_4o_mini","chat"
2121901901317806003847043675598451030,2121901901317806003847043598264794435,"classify_intent","gpt_4o_mini","json"
2121901901317806003847043675598451030,2121901902774534479587166591902956306,"generate_response","gpt_4o_mini","chat"
2121901908518121826210641067884249888,2121901908518121826210641032028489853,"classify_intent","gpt_4o_mini","json"
2121901908518121826210641067884249888,2121901910052235114784009532755252022,"generate_response","gpt_4o_mini","chat"
2121901919334366728341340742447687693,2121901919334366728341340655668791556,"classify_intent","gpt_4o_mini","json"
2121901919334366728341340742447687693,2121901921093357595994603570275117376,"generate_response","gpt_4o_mini","chat"
2121901930739416850956649902440608683,2121901930739416850956649824473149426,"classify_intent","gpt_4o_mini","json"
2121901930739416850956649902440608683,2121901932173148251445050558554631598,"generate_response","gpt_4o_mini","chat"
2121901938592577133143008581518373832,2121901938592577133143008503047865167,"classify_intent","gpt_4o_mini","json"
2121901938592577133143008581518373832,2121901940019092187917336085743077608,"generate_response","gpt_4o_mini","chat"
2121901947015143877573482698051468069,2121901947015143877573482608614663312,"classify_intent","gpt_4o_mini","json"
2121901947015143877573482698051468069,2121901948349804753280032857094227039,"generate_response","gpt_4o_mini","chat"
2121901956397618877486665104551277587,2121901956397618877486665018986988288,"classify_intent","gpt_4o_mini","json"
2121901956397618877486665104551277587,2121901958068384780482567267435597233,"generate_response","gpt_4o_mini","chat"
2121901967542731706314565085970393070,2121901967542731706314565007733736411,"classify_intent","gpt_4o_mini","json"
2121901967542731706314565085970393070,2121901969211048767410119619463551251,"generate_response","gpt_4o_mini","chat"
2121901976118837284270481390850067483,2121901976118837284270481297532469449,"classify_intent","gpt_4o_mini","json"
2121901976118837284270481390850067483,2121901977215345398377393752606625025,"generate_response","gpt_4o_mini","chat"
2121901985432423639991122592942575461,2121901985432423639991122554098914121,"classify_intent","gpt_4o_mini","json"
2121901985432423639991122592942575461,2121901987338906758982182662586841768,"generate_response","gpt_4o_mini","chat"
2121901999870610573409914472118228492,2121901999870610573409914430702227829,"classify_intent","gpt_4o_mini","json"
2121901999870610573409914472118228492,2121902003721062310072096102515169717,"generate_response","gpt_4o_mini","chat"
2121902015847810492825516803629097624,2121902015847810492825516792971587912,"classify_intent","gpt_4o_mini","json"
2121902015847810492825516803629097624,2121902017944086959528173476120864659,"generate_response","gpt_4o_mini","chat"
2121902026401694232435429849904605566,2121902026401694232435429786176416002,"classify_intent","gpt_4o_mini","json"
2121902026401694232435429849904605566,2121902028574110909846919040784074280,"generate_response","gpt_4o_mini","chat"
2121902036856463784455470258629962800,2121902036856463784455470226713803165,"classify_intent","gpt_4o_mini","json"
2121902036856463784455470258629962800,2121902038503072103196010001688334862,"generate_response","gpt_4o_mini","chat"
2121902049769010476962485845513568114,2121902049769010476962485730701369915,"classify_intent","gpt_4o_mini","json"
2121902049769010476962485845513568114,2121902056218653965262651082794380456,"generate_response","gpt_4o_mini","chat"
2121902065743807320163333434898686067,2121902065743807320163333378711839781,"classify_intent","gpt_4o_mini","json"
2121902065743807320163333434898686067,2121902067723968208702757511879889266,"generate_response","gpt_4o_mini","chat"
2121902077542863402158179634949157953,2121902077542863402158179548970143803,"classify_intent","gpt_4o_mini","json"
2121902077542863402158179634949157953,2121902079035892416521284727854067529,"generate_response","gpt_4o_mini","chat"
2121902088963589442098141989835250643,2121902088963589442098141912104669104,"classify_intent","gpt_4o_mini","json"
2121902088963589442098141989835250643,2121902091711500276290084029578732630,"generate_response","gpt_4o_mini","chat"
2121902103120094848891206489642170996,2121902103120094848891206461092551756,"classify_intent","gpt_4o_mini","json"
2121902103120094848891206489642170996,2121902104352060837740215434549522114,"generate_response","gpt_4o_mini","chat"
2121902117004672821418973003891370352,2121902117004672821418972900482971315,"classify_intent","gpt_4o_mini","json"
2121902117004672821418973003891370352,2121902118293342310038089686471313609,"generate_response","gpt_4o_mini","chat"
2121902135521786997229936422304256278,2121902135521786997229936334020876286,"classify_intent","gpt_4o_mini","json"
2121902135521786997229936422304256278,2121902138378481036039232397248475808,"generate_response","gpt_4o_mini","chat"
2121902147707744448791906953541808142,2121902147707744448791906916291409897,"classify_intent","gpt_4o_mini","json"
2121902147707744448791906953541808142,2121902149551313251340371048590822466,"generate_response","gpt_4o_mini","chat"
2121902157699486592337647629376171657,2121902157699486592337647565126616926,"classify_intent","gpt_4o_mini","json"
2121902157699486592337647629376171657,2121902159109089339499442003205893739,"generate_response","gpt_4o_mini","chat"
2121902168213558664293330567138518562,2121902168213558664293330498571876978,"classify_intent","gpt_4o_mini","json"
2121902168213558664293330567138518562,2121902169806911438745216004654214658,"generate_response","gpt_4o_mini","chat"
2121902180603826731067837368959032558,2121902180603826731067837272307669176,"classify_intent","gpt_4o_mini","json"
2121902180603826731067837368959032558,2121902184397438296802100357959700603,"generate_response","gpt_4o_mini","chat"
2121902192625369717412120778768688847,2121902192625369717412120738727784352,"classify_intent","gpt_4o_mini","json"
2121902192625369717412120778768688847,2121902193953959397774896696103648864,"generate_response","gpt_4o_mini","chat"
2121902206520777863137243507941225805,2121902206520777863137243428108731892,"classify_intent","gpt_4o_mini","json"
2121902206520777863137243507941225805,2121902207816763776423786014784374535,"generate_response","gpt_4o_mini","chat"
2121902217376939065008033168342470859,2121902217376939065008033095184718609,"classify_intent","gpt_4o_mini","json"
2121902217376939065008033168342470859,2121902218963030591428028713509417626,"generate_response","gpt_4o_mini","chat"
2121902227368717810574681780750322356,2121902227368717810574681693407629730,"classify_intent","gpt_4o_mini","json"
2121902227368717810574681780750322356,2121902228956006402014858475515498845,"generate_response","gpt_4o_mini","chat"
2121902242065607414054148268180607840,2121902242065607414054148241544044813,"classify_intent","gpt_4o_mini","json"
2121902242065607414054148268180607840,2121902245148390116328436967028931696,"generate_response","gpt_4o_mini","chat"
2121902258196326467674672358193388025,2121902258196326467674672286705877485,"classify_intent","gpt_4o_mini","json"
2121902258196326467674672358193388025,2121902259903323859398661248331120291,"generate_response","gpt_4o_mini","chat"
2121902271030283539736525464546988265,2121902271030283539736525373949003130,"classify_intent","gpt_4o_mini","json"
2121902271030283539736525464546988265,2121902273437243629140373714587598177,"generate_response","gpt_4o_mini","chat"
2121902279461292083206070882512423811,2121902279461292083206070850117342789,"classify_intent","gpt_4o_mini","json"
2121902279461292083206070882512423811,2121902281229984796778244168864613750,"generate_response","gpt_4o_mini","chat"
2121902290098651361558561050335831036,2121902290098651361558561027354484677,"classify_intent","gpt_4o_mini","json"
2121902290098651361558561050335831036,2121902292755852589307806530068627441,"generate_response","gpt_4o_mini","chat"
2121902301799840203062268711937210440,2121902301799840203062268658626078066,"classify_intent","gpt_4o_mini","json"
2121902301799840203062268711937210440,2121902302956754209841706350102218275,"generate_response","gpt_4o_mini","chat"
2121902311202842520803081390640012757,2121902311202842520803081334029520033,"classify_intent","gpt_4o_mini","json"
2121902311202842520803081390640012757,2121902313505862107128679791270917451,"generate_response","gpt_4o_mini","chat"
2121902321381987259261948122123870231,2121902321381987259261948108638640494,"classify_intent","gpt_4o_mini","json"
2121902321381987259261948122123870231,2121902322992335185350045632917057712,"generate_response","gpt_4o_mini","chat"
2121902330782588526304994529329521599,2121902330782588526304994493919016167,"classify_intent","gpt_4o_mini","json"
2121902330782588526304994529329521599,2121902332058053692619096284667967724,"generate_response","gpt_4o_mini","chat"
2121902340902511894376716198543290960,2121902340902511894376716085293537978,"classify_intent","gpt_4o_mini","json"
2121902340902511894376716198543290960,2121902343238223025819526888746322874,"generate_response","gpt_4o_mini","chat"
2121902353511652467392928489014605349,2121902353511652467392928423646336612,"classify_intent","gpt_4o_mini","json"
2121902353511652467392928489014605349,2121902355611537115138065185063898490,"generate_response","gpt_4o_mini","chat"
2121902368504721540335723722483295246,2121902368504721540335723677919069348,"classify_intent","gpt_4o_mini","json"
2121902368504721540335723722483295246,2121902369659240385371698413906157494,"generate_response","gpt_4o_mini","chat"
2121902378462671589496000733290949299,2121902378462671589496000687916876955,"classify_intent","gpt_4o_mini","json"
2121902378462671589496000733290949299,2121902380178119287390214571553934889,"generate_response","gpt_4o_mini","chat"
2121902399965801773005100282895224139,2121902399965801773005100221840102532,"classify_intent","gpt_4o_mini","json"
2121902399965801773005100282895224139,2121902401823966820763145465660058476,"generate_response","gpt_4o_mini","chat"
2121902413346198686904100521938722392,2121902413346198686904100434969907867,"classify_intent","gpt_4o_mini","json"
2121902413346198686904100521938722392,2121902415145098548938362201752221359,"generate_response","gpt_4o_mini","chat"
2121902425751025166381470546537606423,2121902425751025166381470486867560180,"classify_intent","gpt_4o_mini","json"
2121902425751025166381470546537606423,2121902427733634014147093180279258541,"generate_response","gpt_4o_mini","chat"
2121902433234285122764233919439571440,2121902433234285122764233831342896144,"classify_intent","gpt_4o_mini","json"
2121902433234285122764233919439571440,2121902435337783579705870549267654544,"generate_response","gpt_4o_mini","chat"
2121902446331720470521845297236720163,2121902446331720470521845273642417234,"classify_intent","gpt_4o_mini","json"
2121902446331720470521845297236720163,2121902447667602979019402341002506316,"generate_response","gpt_4o_mini","chat"
2121902456757526529117323650611187785,2121902456757526529117323598781004536,"classify_intent","gpt_4o_mini","json"
2121902456757526529117323650611187785,2121902458819929464069028345379773538,"generate_response","gpt_4o_mini","chat"
2121902470754444894859317657752273043,2121902470754444894859317591429991042,"classify_intent","gpt_4o_mini","json"
2121902470754444894859317657752273043,2121902472247497500528024613345118257,"generate_response","gpt_4o_mini","chat"
2121902478205083316312833511788455336,2121902478205083316312833483206169795,"classify_intent","gpt_4o_mini","json"
2121902478205083316312833511788455336,2121902479774270560064191698945036117,"generate_response","gpt_4o_mini","chat"
2121902486468105180659598502721685919,2121902486468105180659598429959915197,"classify_intent","gpt_4o_mini","json"
2121902486468105180659598502721685919,2121902487962358134436841899284466878,"generate_response","gpt_4o_mini","chat"
2121902494787888417585699751069075832,2121902494787888417585699668809328160,"classify_intent","gpt_4o_mini","json"
2121902494787888417585699751069075832,2121902495921856687116921710964111355,"generate_response","gpt_4o_mini","chat"
2121902504256216709006955902920675148,2121902504256216709006955776100773149,"classify_intent","gpt_4o_mini","json"
2121902504256216709006955902920675148,2121902506417792563324641711427837740,"generate_response","gpt_4o_mini","chat"
2121902518017392122450340166322551739,2121902518017392122450340119060471801,"classify_intent","gpt_4o_mini","json"
2121902518017392122450340166322551739,2121902521931925526233663730640515767,"generate_response","gpt_4o_mini","chat"
2121902532410927565080729096609963614,2121902532410927565080728989753575516,"classify_intent","gpt_4o_mini","json"
2121902532410927565080729096609963614,2121902535899888700225864750772375788,"generate_response","gpt_4o_mini","chat"
2121902541034182432901248601194671355,2121902541034182432901248506524224750,"classify_intent","gpt_4o_mini","json"
2121902541034182432901248601194671355,2121902543158244438255323520097867892,"generate_response","gpt_4o_mini","chat"
2121902552599982592486162457557545541,2121902552599982592486162393557846150,"classify_intent","gpt_4o_mini","json"
2121902552599982592486162457557545541,2121902554181238953372131242518311007,"generate_response","gpt_4o_mini","chat"
2121902569730442565923631060836614230,2121902569730442565923630985671792904,"classify_intent","gpt_4o_mini","json"
2121902569730442565923631060836614230,2121902571214989843693590499637900406,"generate_response","gpt_4o_mini","chat"
2121902585705185638050043086576518827,2121902585705185638050043022465436452,"classify_intent","gpt_4o_mini","json"
2121902585705185638050043086576518827,2121902587261098568243189366633932306,"generate_response","gpt_4o_mini","chat"
2121902598227256136512013974214203863,2121902598227256136512013915091036216,"classify_intent","gpt_4o_mini","json"
2121902598227256136512013974214203863,2121902600177204505034857005129211567,"generate_response","gpt_4o_mini","chat"
2121902611018886049537755269894939663,2121902611018886049537755176553176215,"classify_intent","gpt_4o_mini","json"
2121902611018886049537755269894939663,2121902613121216055058558867979689548,"generate_response","gpt_4o_mini","chat"
2121902617902504352805233370528522521,2121902617902504352805233274041830801,"classify_intent","gpt_4o_mini","json"
2121902617902504352805233370528522521,2121902619465640104241169493150060990,"generate_response","gpt_4o_mini","chat"
2121902627544917071424660285786888294,2121902627544917071424660185595466713,"classify_intent","gpt_4o_mini","json"
2121902627544917071424660285786888294,2121902629855179588780766908804563226,"generate_response","gpt_4o_mini","chat"
2121902642203148262114694122697036175,2121902642203148262114694059663345112,"classify_intent","gpt_4o_mini","json"
2121902642203148262114694122697036175,2121902644271586675781781264912263720,"generate_response","gpt_4o_mini","chat"
2121902651247101014193278186800002760,2121902651247101014193278143287204233,"classify_intent","gpt_4o_mini","json"
2121902651247101014193278186800002760,2121902652705042822945950993779398498,"generate_response","gpt_4o_mini","chat"
2121902662750016607494834265473061951,2121902662750016607494834201111428399,"classify_intent","gpt_4o_mini","json"
2121902662750016607494834265473061951,2121902664228507263795031439702808599,"generate_response","gpt_4o_mini","chat"
2121902676392777303025698204954198272,2121902676392777303025698175614253039,"classify_intent","gpt_4o_mini","json"
2121902676392777303025698204954198272,2121902678791249821965071113982488777,"generate_response","gpt_4o_mini","chat"
2121902693877455472129115188024839770,2121902693877455472129115132598918104,"classify_intent","gpt_4o_mini","json"
2121902693877455472129115188024839770,2121902695297907910853922524824888369,"generate_response","gpt_4o_mini","chat"
2121902705004439967502264156986529075,2121902705004439967502264081004798199,"classify_intent","gpt_4o_mini","json"
2121902705004439967502264156986529075,2121902707156318201744821410612088430,"generate_response","gpt_4o_mini","chat"
2121902716283658556214815174716063828,2121902716283658556214815112075729013,"classify_intent","gpt_4o_mini","json"
2121902716283658556214815174716063828,2121902718083779538357138671473075466,"generate_response","gpt_4o_mini","chat"
2121902724041350316834541815099123266,2121902724041350316834541740677412997,"classify_intent","gpt_4o_mini","json"
2121902724041350316834541815099123266,2121902725855960055982888133503753318,"generate_response","gpt_4o_mini","chat"
2121902739596623648529298595248222581,2121902739596623648529298551929009165,"classify_intent","gpt_4o_mini","json"
2121902739596623648529298595248222581,2121902742061612472510227803968774826,"generate_response","gpt_4o_mini","chat"
2121902749003242968451189103689856935,2121902749003242968451189002066731014,"classify_intent","gpt_4o_mini","json"
2121902749003242968451189103689856935,2121902750987069539673882972695787731,"generate_response","gpt_4o_mini","chat"
2121902758593646162845457501962323066,2121902758593646162845457403088358461,"classify_intent","gpt_4o_mini","json"
2121902758593646162845457501962323066,2121902760871268918985348455061140850,"generate_response","gpt_4o_mini","chat"
2121902769535637038056824260044966611,2121902769535637038056824151573055129,"classify_intent","gpt_4o_mini","json"
2121902769535637038056824260044966611,2121902771195500122092200542287018703,"generate_response","gpt_4o_mini","chat"
2121902784777823064823592453870447580,2121902784777823064823592357962263569,"classify_intent","gpt_4o_mini","json"
2121902784777823064823592453870447580,2121902786988945378699030225933965052,"generate_response","gpt_4o_mini","chat"
2121902798208920741569289770348929541,2121902798208920741569289687428026954,"classify_intent","gpt_4o_mini","json"
2121902798208920741569289770348929541,2121902799948622213983144457118226043,"generate_response","gpt_4o_mini","chat"
2121902806002936905842818396607118618,2121902806002936905842818355994480305,"classify_intent","gpt_4o_mini","json"
2121902806002936905842818396607118618,2121902807463294171349900240532288912,"generate_response","gpt_4o_mini","chat"
2121902818352108839121730375208476788,2121902818352108839121730335114234276,"classify_intent","gpt_4o_mini","json"
2121902818352108839121730375208476788,2121902820190859940750781375726818770,"generate_response","gpt_4o_mini","chat"
2121902827151827343162785477730420137,2121902827151827343162785409601655738,"classify_intent","gpt_4o_mini","json"
2121902827151827343162785477730420137,2121902828536083676142699791256321307,"generate_response","gpt_4o_mini","chat"
2121902837445834831410491109028525135,2121902837445834831410491062792624800,"classify_intent","gpt_4o_mini","json"
2121902837445834831410491109028525135,2121902838897767119528126328906255794,"generate_response","gpt_4o_mini","chat"
2121902848708193686986618338268324381,2121902848708193686986618301955858774,"classify_intent","gpt_4o_mini","json"
2121902848708193686986618338268324381,2121902850291900659754162613715726657,"generate_response","gpt_4o_mini","chat"
2121902859220995790880181546674549248,2121902859220995790880181500879760531,"classify_intent","gpt_4o_mini","json"
2121902859220995790880181546674549248,2121902861281029590673820673444558591,"generate_response","gpt_4o_mini","chat"
2121902870448298971880900785381158100,2121902870448298971880900718205260514,"classify_intent","gpt_4o_mini","json"
2121902870448298971880900785381158100,2121902871975173498869989129371515875,"generate_response","gpt_4o_mini","chat"
2121902879275864442918579004160216848,2121902879275864442918578933637196232,"classify_intent","gpt_4o_mini","json"
2121902879275864442918579004160216848,2121902880454612865292315383179619224,"generate_response","gpt_4o_mini","chat"
2121902890914257632750830795247263488,2121902890914257632750830750847930449,"classify_intent","gpt_4o_mini","json"
2121902890914257632750830795247263488,2121902891905512721022490315007249841,"generate_response","gpt_4o_mini","chat"
2121902903442347894847384964085488972,2121902903442347894847384837808795166,"classify_intent","gpt_4o_mini","json"
2121902903442347894847384964085488972,2121902905215843252576172343263061754,"generate_response","gpt_4o_mini","chat"
2121902918072764085780821365473453453,2121902918072764085780821278183348194,"classify_intent","gpt_4o_mini","json"
2121902918072764085780821365473453453,2121902920242794786971764116871048128,"generate_response","gpt_4o_mini","chat"
2121902930920011651519458675508447633,2121902930920011651519458564489017393,"classify_intent","gpt_4o_mini","json"
2121902930920011651519458675508447633,2121902932167581483365419287039229198,"generate_response","gpt_4o_mini","chat"
2121902940558737073627819604648352094,2121902940558737073627819502296433502,"classify_intent","gpt_4o_mini","json"
2121902940558737073627819604648352094,2121902942317728877997449107910683461,"generate_response","gpt_4o_mini","chat"
2121902959526840772891616873736713249,2121902959526840772891616807090407679,"classify_intent","gpt_4o_mini","json"
2121902959526840772891616873736713249,2121902961693220768173207885794394911,"generate_response","gpt_4o_mini","chat"
2121902970671876251670266452529052991,2121902970671876251670266344346443606,"classify_intent","gpt_4o_mini","json"
2121902970671876251670266452529052991,2121902971949726742193196239836393037,"generate_response","gpt_4o_mini","chat"
2121902981352742323746712031711406826,2121902981352742323746711922882693601,"classify_intent","gpt_4o_mini","json"
2121902981352742323746712031711406826,2121902983077898064812363069880102254,"generate_response","gpt_4o_mini","chat"
2121906613729974232613545545945853562,2121906613729974232613545441194304076,"generate_response","gpt_4o","chat"
2121997645415043795530464745955778788,2121997645413805041796212038955401145,"generate_response","gpt_4o","chat"
2121998286654637245581782847299492056,2121998286654637245581782775622817929,"generate_response","gpt_4o","chat"
2121998605890891684243736138082377686,2121998605890891684243736023729947612,"generate_response","gpt_4o_mini","chat"
2121999576016363109176534894942824669,2121999576016363109176534787582353504,"classify_intent","gpt_4o_mini","json"
2122000094487159795034310168933826607,2122000094487159795034310102047156443,"classify_intent","gpt_4o_mini","json"
2122000267188230363983672177559493122,2122000267187033501423945292530911729,"classify_intent","gpt_4o_mini_dicl","json"
2122000425871871504537661550716641911,2122000425871871504537661482867294420,"classify_intent","gpt_4o_mini_dicl","json"
2122000486024364549946483862991222191,2122000486024364549946483773422648064,"classify_intent","gpt_4o_mini_dicl","json"
2122000608264913262366311975647515808,2122000608264913262366311955148672713,"classify_intent","gpt_4o_mini_dicl","json"
2122005407943379695194056935391625145,2122005407943379695194056859043746640,"classify_intent","gpt_4o_mini_dicl","json"
2122005530413674194284276209025989299,2122005530413674194284276154417475455,"classify_intent","gpt_4o_mini_dicl","json"
2122005671836173032036854009193295687,2122005671836173032036853996026853236,"classify_intent","gpt_4o_mini_dicl","json"
2122005671836173032036854009193295687,2122005673487583652201790560388295172,"generate_response","gpt_4o_mini","chat"
2122005694910971416616870795771177192,2122005694909729692668609667856279920,"classify_intent","gpt_4o_mini_dicl","json"
2122005694910971416616870795771177192,2122005698523221991965406125558162411,"generate_response","gpt_4o_mini","chat"
2122005906503188757049291580906656219,2122005906503188757049291494571869311,"classify_intent","gpt_4o_mini_dicl","json"
2122006153839776382227127738005056876,2122006153839776382227127669337999641,"classify_intent","gpt_4o_mini_dicl","json"
2122006270883157427755303188377934058,2122006270883157427755303164903540501,"classify_intent","gpt_4o_mini_dicl","json"
2122006668610039057873098958542368669,2122006668610039057873098889397635884,"classify_intent","gpt_4o_mini_dicl","json"
2122007365414310558870787372213986574,2122007365414310558870787254065467939,"classify_intent","gpt_4o_mini_dicl","json"
2122007454043095610907740929107874026,2122007454043095610907740816931334246,"classify_intent","gpt_4o_mini_dicl","json"
2122007536599431183007667616883332805,2122007536599431183007667501929423189,"classify_intent","gpt_4o_mini_dicl","json"
2122007609701993392616479614088992648,2122007609701993392616479544790057749,"classify_intent","gpt_4o_mini_dicl","json"
2122007700002689503971168799542347519,2122007700002689503971168697162820290,"classify_intent","gpt_4o_mini_dicl","json"
2122007700002689503971168799542347519,2122007701830600983951686493398146558,"generate_response","gpt_4o_mini_dicl","json"
2122007787160176084922073853912569029,2122007787160176084922073812901890633,"classify_intent","gpt_4o_mini_dicl","json"
2122007787160176084922073853912569029,2122007790048346240920411108214948468,"generate_response","gpt_4o_mini_dicl","json"
2122007871104395721890318912510322274,2122007871104395721890318810427072333,"classify_intent","gpt_4o_mini_dicl","json"
2122007871104395721890318912510322274,2122007875088968316222367566177875148,"generate_response","gpt_4o_mini_dicl","json"
2122007937185467260977294134760069405,2122007937185467260977294117057428330,"classify_intent","gpt_4o_mini_dicl","json"
2122007937185467260977294134760069405,2122007940568083280804276862035494952,"generate_response","gpt_4o_mini_dicl","json"
2122008610824354981552718114014742723,2122008610824354981552718060075011639,"classify_intent","gpt_4o","json"
2122008610824354981552718114014742723,2122008612414088949807568529876350164,"generate_response","gpt_4o_mini_dicl","json"
2122008852295178159891627196305742883,2122008852295178159891627104760216155,"classify_intent","gpt_4o","json"
2122008852295178159891627196305742883,2122008854191970061231590091590115326,"generate_response","gpt_4o_mini_dicl","json"
2122009137722532902838587354416138701,2122009137722532902838587238995610669,"classify_intent","gpt_4o","json"
2122009137722532902838587354416138701,2122009140313283660179632590186769586,"generate_response","gpt_4o_mini_dicl","json"
2122009313651514732288626053726706764,2122009313651514732288626006362388307,"classify_intent","gpt_4o","json"
2122009313651514732288626053726706764,2122009315342782141767143295789638803,"generate_response","gpt_4o","json"
2122009820775307148393911608933170465,2122009820775307148393911573872208471,"classify_intent","gpt_4o","json"
2122009820775307148393911608933170465,2122009822400106644276924713458255640,"generate_response","gpt_4o","json"
2122010341466903836077231726533089445,2122010341466903836077231673790649337,"classify_intent","gpt_4o","json"
2122010341466903836077231726533089445,2122010344167695433323244238905459070,"generate_response","gpt_4o","json"
2122010609189561143967945208974770414,2122010609189561143967945091884853198,"classify_intent","gpt_4o","json"
2122010609189561143967945208974770414,2122010611386239845520856119917839142,"generate_response","gpt_4o_mini_dicl","json"
2122010978563595586020404535294861085,2122010978563595586020404447467313137,"classify_intent","gpt_4o","json"
2122010978563595586020404535294861085,2122010980451886619477086343000421859,"generate_response","gpt_4o","json"
2122011046108651700182326624870561781,2122011046108651700182326565203940002,"classify_intent","gpt_4o","json"
2122011046108651700182326624870561781,2122011048435888227444902667809701131,"generate_response","gpt_4o","json"
2122011213761273960655853500838713316,2122011213761273960655853437956858719,"classify_intent","gpt_4o","json"
2122011213761273960655853500838713316,2122011215528764849569711774781269103,"generate_response","gpt_4o_mini","json"
2122011290949972476923845254029284318,2122011290949972476923845205198380328,"classify_intent","gpt_4o","json"
2122011290949972476923845254029284318,2122011292372942783698916372559679631,"generate_response","gpt_4o_mini","json"
2122011510596092271647509897412240324,2122011510596092271647509819718167328,"classify_intent","gpt_4o","json"
2122011510596092271647509897412240324,2122011514202370584113832288026675785,"generate_response","gpt_4o_mini_dicl","json"
2122011561981490432370242290689840323,2122011561981490432370242210472658034,"classify_intent","gpt_4o","json"
2122011561981490432370242290689840323,2122011563722355142891523339055854368,"generate_response","gpt_4o_mini_dicl","json"
2122011700583665424285142190648502036,2122011700583665424285142160435592342,"classify_intent","gpt_4o","json"
2122011700583665424285142190648502036,2122011702472002538889767766266159747,"generate_response","gpt_4o_mini_dicl","json"
2122012175875254519234681734515256712,2122012175875254519234681649825856557,"classify_intent","gpt_4o","json"
2122012175875254519234681734515256712,2122012178637624929279858098807256184,"generate_response","gpt_4o_mini_dicl","json"
2122012411602459563382805468154146701,2122012411602459563382805381410726838,"classify_intent","gpt_4o","json"
2122012411602459563382805468154146701,2122012413058027206045890569310710425,"generate_response","gpt_4o_mini_dicl","json"
2122012469546292690495376762984538997,2122012469546292690495376658103755142,"classify_intent","gpt_4o","json"
2122012469546292690495376762984538997,2122012471340359524388283085311679439,"generate_response","gpt_4o_mini_dicl","json"
2122013606027205982680949717970012690,2122013606027205982680949674252877212,"classify_intent","gpt_4o","json"
2122015193702274731452401477560606297,2122015193702274731452401346570854549,"classify_intent","gpt_4o","json"
2122015193702274731452401477560606297,2122015195408078178835004230036672514,"generate_response","gpt_4o","json"
2122015388767298792768571905963550836,2122015388767298792768571830611430298,"classify_intent","gpt_4o","json"
2122015388767298792768571905963550836,2122015389991888979075150195997013070,"generate_response","gpt_4o_mini_dicl","json"
