"id_uint","function_name","variant_name","episode_id","function_type"
2122015592052985681150202260974141896,"generate_response","gpt_4o_mini","0198af72-40e1-76e1-ad9a-013d8e0072d0","json"
2122015565106021229949973581407713660,"generate_response","gpt_4o","0198af71-e9cf-7533-af20-1e5a2f08d416","json"
2121891519780925442292379266190161743,"classify_intent","gpt_4o_mini","0198a954-3dbf-75f3-8082-c74da7ef11d6","json"
2121891537039588500822061795924507647,"classify_intent","gpt_4o_mini","0198a954-7583-7e02-9d5a-126f94bf1143","json"
2121891723459556000860378731979605461,"classify_intent","gpt_4o_mini","0198a956-cfde-79a2-868d-05e829b44ed6","json"
2121891914862765924262646766930884869,"classify_intent","gpt_4o_mini","0198a959-3a53-7fe3-8218-0a6175befdb3","json"
2121891916575760942771460649168522044,"classify_intent","gpt_4o_mini","0198a959-3fdc-74b1-88cd-6bb059a86e39","json"
2121891918013178484372599831155072023,"classify_intent","gpt_4o_mini","0198a959-4481-75b2-9a5f-937eb3a62f9f","json"
2121891919471119981055932932157873186,"classify_intent","gpt_4o_mini","0198a959-4937-70d1-818d-54200d842401","json"
2121891920802190105071900025252461751,"classify_intent","gpt_4o_mini","0198a959-4d84-79e1-83f7-88c704a7854b","json"
2121891922337497565956696528960871567,"classify_intent","gpt_4o_mini","0198a959-527a-73e1-bde1-6a7016003750","json"
2121891923600860795657325209137552110,"classify_intent","gpt_4o_mini","0198a959-568f-7b73-a7dc-6b2f8b5c85a4","json"
2121891925024957056931605650782868739,"classify_intent","gpt_4o_mini","0198a959-5b29-7790-abba-34f95de7dd90","json"
2121891926181910910515017685113796034,"classify_intent","gpt_4o_mini","0198a959-5ee6-7a12-bf30-f25cb09fb909","json"
2121891928387007560768331352923016694,"classify_intent","gpt_4o_mini","0198a959-6606-7d73-af21-0ee337829e4d","json"
2121891995847447741437287838034432816,"classify_intent","gpt_4o_mini","0198a95a-4000-7551-b836-98a4d272045e","json"
2121891997358589352637552026053059654,"classify_intent","gpt_4o_mini","0198a95a-44e2-7200-9c02-6734d6491f7b","json"
2121891999701503583106461218978776098,"classify_intent","gpt_4o_mini","0198a95a-4c74-7563-8a5d-a56c8753d998","json"
2121892001872714545937866498026288022,"classify_intent","gpt_4o_mini","0198a95a-5378-7131-ae8a-62b12d1c8184","json"
2121892004005306027353492269113981687,"classify_intent","gpt_4o_mini","0198a95a-5a5c-7b01-8a61-1a8fa170b263","json"
2121892005471729522784738508806498363,"classify_intent","gpt_4o_mini","0198a95a-5f19-7a42-845e-22d123b440ee","json"
2121892007108630727866141104329478904,"classify_intent","gpt_4o_mini","0198a95a-6463-7d92-a6d7-dbe35078b61e","json"
2121892008589553051300888888886913030,"classify_intent","gpt_4o_mini","0198a95a-692c-7b12-ab53-81df39bde9b4","json"
2121892009698148025333506059539223355,"classify_intent","gpt_4o_mini","0198a95a-6cc1-7d30-a1c2-ac19e76a45e5","json"
2121892011191160250214982086809429723,"classify_intent","gpt_4o_mini","0198a95a-7194-7ad3-8523-763952c6b81f","json"
2121893628438912116996615093705904855,"classify_intent","gpt_4o_mini","0198a96e-db30-7740-954c-ee7550b5d98a","json"
2121893630461431180722212835973934669,"classify_intent","gpt_4o_mini","0198a96e-e1b9-7452-b8f1-a50b10ee9244","json"
2121893631787676480778864453913605372,"classify_intent","gpt_4o_mini","0198a96e-e602-7fb0-803d-c9239bd3a970","json"
2121893960218922753136609021437799449,"classify_intent","gpt_4o_mini","0198a973-0b3a-7550-8813-2d0e4808a8b1","json"
2121894147835764301084927212008888649,"classify_intent","gpt_4o_mini","0198a975-6973-78e0-96d9-509cd55ce67f","json"
2121894153138080479789375957807369932,"classify_intent","gpt_4o_mini","0198a975-7a95-7200-98d9-cfb4e19dadbe","json"
2121894156113306598959802562507677892,"classify_intent","gpt_4o_mini","0198a975-8432-7ea3-b2f7-1d7be31aac2f","json"
2121894159279461734207778419986274191,"classify_intent","gpt_4o_mini","0198a975-8e6d-7a11-808f-0c84d7d424c3","json"
2121894162654737208700208384887970817,"classify_intent","gpt_4o_mini","0198a975-9955-7073-9c7c-280ae906e576","json"
2121894380368999467225582377249458064,"classify_intent","gpt_4o_mini","0198a978-58ce-74c1-b32a-e4d252c1f465","json"
2121894384045380367725651192344232588,"classify_intent","gpt_4o_mini","0198a978-64af-7cb1-a902-644fbf452668","json"
2121894386597402682677044228769103009,"classify_intent","gpt_4o_mini","0198a978-6cee-7870-90b6-53692fc1caaa","json"
2121894389692257542755372015184505637,"classify_intent","gpt_4o_mini","0198a978-76ee-7972-b4dc-cfb0865e54ec","json"
2121894392388144725580092459614884857,"classify_intent","gpt_4o_mini","0198a978-7fa4-75c3-b9e9-24736eb9ad82","json"
2121896711057115767199070767789006774,"classify_intent","gpt_4o_mini","0198a995-c3aa-7ad3-a0fb-75c54ab1270a","json"
2121898107281792212940437155198311773,"classify_intent","gpt_4o_mini","0198a9a7-631c-7681-a560-637d825a8f23","json"
2121898109159254304367291120954389405,"generate_response","gpt_4o_mini","0198a9a7-631c-7681-a560-637d825a8f23","chat"
2121898121121576471505353565576634805,"generate_response","gpt_4o_mini","0198a9a7-631c-7681-a560-637d825a8f23","chat"
2121898133063336013983087334523862589,"generate_response","gpt_4o_mini","0198a9a7-631c-7681-a560-637d825a8f23","chat"
2121898203103708030224522604257770573,"classify_intent","gpt_4o_mini","0198a9a8-98ba-7e72-afe7-a3e921d78060","json"
2121898204796208288717239434591541683,"generate_response","gpt_4o_mini","0198a9a8-98ba-7e72-afe7-a3e921d78060","chat"
2121898214907642632202538023532574986,"generate_response","gpt_4o_mini","0198a9a8-98ba-7e72-afe7-a3e921d78060","chat"
2121898225418026236769269737414928419,"generate_response","gpt_4o_mini","0198a9a8-98ba-7e72-afe7-a3e921d78060","chat"
2121898261499603265411118696692730551,"classify_intent","gpt_4o_mini","0198a9a9-556a-7242-9930-0e31886041b1","json"
2121898263843719305144847339765464072,"generate_response","gpt_4o_mini","0198a9a9-556a-7242-9930-0e31886041b1","chat"
2121898297091631687898854707592773631,"classify_intent","gpt_4o_mini","0198a9a9-c86b-7b71-8a2c-73298bcd4f26","json"
2121898299528816418482351804840792656,"generate_response","gpt_4o_mini","0198a9a9-c86b-7b71-8a2c-73298bcd4f26","chat"
2121898399886609222122203363533513231,"classify_intent","gpt_4o_mini","0198a9ab-1491-7ea3-b32d-edc98497ce8c","json"
2121898402031187198272519380714307687,"generate_response","gpt_4o_mini","0198a9ab-1491-7ea3-b32d-edc98497ce8c","chat"
2121898455834421703789337191399487715,"classify_intent","gpt_4o_mini","0198a9ab-c958-70c3-9f26-27c235169e34","json"
2121898458283702719673211794276314532,"generate_response","gpt_4o_mini","0198a9ab-c958-70c3-9f26-27c235169e34","chat"
2121898521289356938054541872170735928,"classify_intent","gpt_4o_mini","0198a9ac-9cd7-7e70-aa85-04c4cad0be01","json"
2121898524729914716538099635411292991,"generate_response","gpt_4o_mini","0198a9ac-9cd7-7e70-aa85-04c4cad0be01","chat"
2121898554659308000230600305611755202,"classify_intent","gpt_4o_mini","0198a9ad-08aa-7870-888d-34f1f5514f6e","json"
2121898556556123255797143399652319105,"generate_response","gpt_4o_mini","0198a9ad-08aa-7870-888d-34f1f5514f6e","chat"
2121898609648495493602329878645263130,"classify_intent","gpt_4o_mini","0198a9ad-ba58-75d3-b5b0-616d0dd549a4","json"
2121898612240413558107448546197878511,"generate_response","gpt_4o_mini","0198a9ad-ba58-75d3-b5b0-616d0dd549a4","chat"
2121898647735694271680680532766922663,"classify_intent","gpt_4o_mini","0198a9ae-3569-73e2-a9e9-0fb25b26df9f","json"
2121898649630071841606412803394932864,"generate_response","gpt_4o_mini","0198a9ae-3569-73e2-a9e9-0fb25b26df9f","chat"
2121899809867642827854535801799356489,"classify_intent","gpt_4o_mini","0198a9bc-e076-7841-a26f-f9281e76f0e3","json"
2121899812325364261394868581326270162,"generate_response","gpt_4o_mini","0198a9bc-e076-7841-a26f-f9281e76f0e3","chat"
2121899824137777858176366287845968008,"generate_response","gpt_4o_mini","0198a9bd-0e92-72e3-b61a-8aa2242222f1","chat"
2121899846569428848322490065151514934,"classify_intent","gpt_4o_mini","0198a9bd-570d-79c0-824d-79e7dc98e26f","json"
2121899848935261558133407526251110038,"generate_response","gpt_4o_mini","0198a9bd-570d-79c0-824d-79e7dc98e26f","chat"
2121901820673953300699220079474534485,"classify_intent","gpt_4o_mini","0198a9d6-41ba-7722-beda-403d58b7e3ca","json"
2121901822397869695153294309848372204,"generate_response","gpt_4o_mini","0198a9d6-41ba-7722-beda-403d58b7e3ca","chat"
2121901832099530697600502201222056434,"classify_intent","gpt_4o_mini","0198a9d6-66a5-7b42-86cf-4192e0f14bc6","json"
2121901833403953968599586807050483256,"generate_response","gpt_4o_mini","0198a9d6-66a5-7b42-86cf-4192e0f14bc6","chat"
2121901840726443370049227168391384842,"classify_intent","gpt_4o_mini","0198a9d6-8285-7f13-9799-3a0180abe2ad","json"
2121901842133594932862537219838790715,"generate_response","gpt_4o_mini","0198a9d6-8285-7f13-9799-3a0180abe2ad","chat"
2121901852824100591428339712492143997,"classify_intent","gpt_4o_mini","0198a9d6-a99c-71a3-a992-75a54165ed23","json"
2121901854525110281548131685741520979,"generate_response","gpt_4o_mini","0198a9d6-a99c-71a3-a992-75a54165ed23","chat"
2121901867327578280252901738909989460,"classify_intent","gpt_4o_mini","0198a9d6-d879-7080-9a73-5b34d20aaa08","json"
2121901868603036988450314666982337127,"generate_response","gpt_4o_mini","0198a9d6-d879-7080-9a73-5b34d20aaa08","chat"
2121901877140501229675724333638974724,"classify_intent","gpt_4o_mini","0198a9d6-f82e-7fc3-9cf9-2c90e237d2e3","json"
2121901878475133439376094523271925062,"generate_response","gpt_4o_mini","0198a9d6-f82e-7fc3-9cf9-2c90e237d2e3","chat"
2121901884221162306136135037131180465,"classify_intent","gpt_4o_mini","0198a9d7-0f0f-7c11-b324-5ad73f62c323","json"
2121901887344999503621760927673644186,"generate_response","gpt_4o_mini","0198a9d7-0f0f-7c11-b324-5ad73f62c323","chat"
2121901901317806003847043598264794435,"classify_intent","gpt_4o_mini","0198a9d7-464d-7f31-a9c8-46bc38357156","json"
2121901902774534479587166591902956306,"generate_response","gpt_4o_mini","0198a9d7-464d-7f31-a9c8-46bc38357156","chat"
2121901908518121826210641032028489853,"classify_intent","gpt_4o_mini","0198a9d7-5d91-7560-85cb-1b47a2a18320","json"
2121901910052235114784009532755252022,"generate_response","gpt_4o_mini","0198a9d7-5d91-7560-85cb-1b47a2a18320","chat"
2121901919334366728341340655668791556,"classify_intent","gpt_4o_mini","0198a9d7-8084-7253-92eb-075b3816680d","json"
2121901921093357595994603570275117376,"generate_response","gpt_4o_mini","0198a9d7-8084-7253-92eb-075b3816680d","chat"
2121901930739416850956649824473149426,"classify_intent","gpt_4o_mini","0198a9d7-a55e-7ba1-960f-c497ea6a73ab","json"
2121901932173148251445050558554631598,"generate_response","gpt_4o_mini","0198a9d7-a55e-7ba1-960f-c497ea6a73ab","chat"
2121901938592577133143008503047865167,"classify_intent","gpt_4o_mini","0198a9d7-bebe-7701-8700-0bd872d033c8","json"
2121901940019092187917336085743077608,"generate_response","gpt_4o_mini","0198a9d7-bebe-7701-8700-0bd872d033c8","chat"
2121901947015143877573482608614663312,"classify_intent","gpt_4o_mini","0198a9d7-d9f5-72e3-a35c-64fd6a24bb25","json"
2121901948349804753280032857094227039,"generate_response","gpt_4o_mini","0198a9d7-d9f5-72e3-a35c-64fd6a24bb25","chat"
2121901956397618877486665018986988288,"classify_intent","gpt_4o_mini","0198a9d7-f846-7340-8c47-afb7b62f7413","json"
2121901958068384780482567267435597233,"generate_response","gpt_4o_mini","0198a9d7-f846-7340-8c47-afb7b62f7413","chat"
2121901967542731706314565007733736411,"classify_intent","gpt_4o_mini","0198a9d8-1c49-78b1-a0e7-83363aa967ee","json"
2121901969211048767410119619463551251,"generate_response","gpt_4o_mini","0198a9d8-1c49-78b1-a0e7-83363aa967ee","chat"
2121901976118837284270481297532469449,"classify_intent","gpt_4o_mini","0198a9d8-37ff-75b0-9530-c5acde08cc1b","json"
2121901977215345398377393752606625025,"generate_response","gpt_4o_mini","0198a9d8-37ff-75b0-9530-c5acde08cc1b","chat"
2121901985432423639991122554098914121,"classify_intent","gpt_4o_mini","0198a9d8-5617-7a50-9ba3-33c68630cf65","json"
2121901987338906758982182662586841768,"generate_response","gpt_4o_mini","0198a9d8-5617-7a50-9ba3-33c68630cf65","chat"
2121901999870610573409914430702227829,"classify_intent","gpt_4o_mini","0198a9d8-84be-7752-9b2e-cd3044fa160c","json"
2121902003721062310072096102515169717,"generate_response","gpt_4o_mini","0198a9d8-84be-7752-9b2e-cd3044fa160c","chat"
2121902015847810492825516792971587912,"classify_intent","gpt_4o_mini","0198a9d8-b85e-7f01-bfdc-df819ddda298","json"
2121902017944086959528173476120864659,"generate_response","gpt_4o_mini","0198a9d8-b85e-7f01-bfdc-df819ddda298","chat"
2121902026401694232435429786176416002,"classify_intent","gpt_4o_mini","0198a9d8-da78-76d1-ae83-31fdb18a697e","json"
2121902028574110909846919040784074280,"generate_response","gpt_4o_mini","0198a9d8-da78-76d1-ae83-31fdb18a697e","chat"
2121902036856463784455470226713803165,"classify_intent","gpt_4o_mini","0198a9d8-fc40-7262-bd0b-c7323904ec30","json"
2121902038503072103196010001688334862,"generate_response","gpt_4o_mini","0198a9d8-fc40-7262-bd0b-c7323904ec30","chat"
2121902049769010476962485730701369915,"classify_intent","gpt_4o_mini","0198a9d9-25f9-7481-8e27-9e3d645d7f72","json"
2121902056218653965262651082794380456,"generate_response","gpt_4o_mini","0198a9d9-25f9-7481-8e27-9e3d645d7f72","chat"
2121902065743807320163333378711839781,"classify_intent","gpt_4o_mini","0198a9d9-5997-7f51-ad0a-54937d74a073","json"
2121902067723968208702757511879889266,"generate_response","gpt_4o_mini","0198a9d9-5997-7f51-ad0a-54937d74a073","chat"
2121902077542863402158179548970143803,"classify_intent","gpt_4o_mini","0198a9d9-7fb7-72a1-8b77-aa54b6407441","json"
2121902079035892416521284727854067529,"generate_response","gpt_4o_mini","0198a9d9-7fb7-72a1-8b77-aa54b6407441","chat"
2121902088963589442098141912104669104,"classify_intent","gpt_4o_mini","0198a9d9-a49e-7370-bcef-721ac5761bd3","json"
2121902091711500276290084029578732630,"generate_response","gpt_4o_mini","0198a9d9-a49e-7370-bcef-721ac5761bd3","chat"
2121902103120094848891206461092551756,"classify_intent","gpt_4o_mini","0198a9d9-d25c-7010-9496-6a7326a4fa74","json"
2121902104352060837740215434549522114,"generate_response","gpt_4o_mini","0198a9d9-d25c-7010-9496-6a7326a4fa74","chat"
2121902117004672821418972900482971315,"classify_intent","gpt_4o_mini","0198a9d9-ff39-7dd0-ac61-f00e6f206970","json"
2121902118293342310038089686471313609,"generate_response","gpt_4o_mini","0198a9d9-ff39-7dd0-ac61-f00e6f206970","chat"
2121902135521786997229936334020876286,"classify_intent","gpt_4o_mini","0198a9da-3b0e-7d43-8d5c-361825129116","json"
2121902138378481036039232397248475808,"generate_response","gpt_4o_mini","0198a9da-3b0e-7d43-8d5c-361825129116","chat"
2121902147707744448791906916291409897,"classify_intent","gpt_4o_mini","0198a9da-626e-7a20-b131-51160005700e","json"
2121902149551313251340371048590822466,"generate_response","gpt_4o_mini","0198a9da-626e-7a20-b131-51160005700e","chat"
2121902157699486592337647565126616926,"classify_intent","gpt_4o_mini","0198a9da-82b7-73d3-a3b7-b53afe382e89","json"
2121902159109089339499442003205893739,"generate_response","gpt_4o_mini","0198a9da-82b7-73d3-a3b7-b53afe382e89","chat"
2121902168213558664293330498571876978,"classify_intent","gpt_4o_mini","0198a9da-a4b0-7d30-be62-fcc4e12e2622","json"
2121902169806911438745216004654214658,"generate_response","gpt_4o_mini","0198a9da-a4b0-7d30-be62-fcc4e12e2622","chat"
2121902180603826731067837272307669176,"classify_intent","gpt_4o_mini","0198a9da-ccb9-7a82-8705-d0ee6d18dcee","json"
2121902184397438296802100357959700603,"generate_response","gpt_4o_mini","0198a9da-ccb9-7a82-8705-d0ee6d18dcee","chat"
2121902192625369717412120738727784352,"classify_intent","gpt_4o_mini","0198a9da-f391-7741-a607-601777c4a6cf","json"
2121902193953959397774896696103648864,"generate_response","gpt_4o_mini","0198a9da-f391-7741-a607-601777c4a6cf","chat"
2121902206520777863137243428108731892,"classify_intent","gpt_4o_mini","0198a9db-2077-7a62-9b60-ec59804cb54d","json"
2121902207816763776423786014784374535,"generate_response","gpt_4o_mini","0198a9db-2077-7a62-9b60-ec59804cb54d","chat"
2121902217376939065008033095184718609,"classify_intent","gpt_4o_mini","0198a9db-438b-7bf0-9a5e-906176bd50cb","json"
2121902218963030591428028713509417626,"generate_response","gpt_4o_mini","0198a9db-438b-7bf0-9a5e-906176bd50cb","chat"
2121902227368717810574681693407629730,"classify_intent","gpt_4o_mini","0198a9db-63d4-7d63-bff9-4e79b90b0ab4","json"
2121902228956006402014858475515498845,"generate_response","gpt_4o_mini","0198a9db-63d4-7d63-bff9-4e79b90b0ab4","chat"
2121902242065607414054148241544044813,"classify_intent","gpt_4o_mini","0198a9db-9351-78d1-97ef-ad6464339360","json"
2121902245148390116328436967028931696,"generate_response","gpt_4o_mini","0198a9db-9351-78d1-97ef-ad6464339360","chat"
2121902258196326467674672286705877485,"classify_intent","gpt_4o_mini","0198a9db-c770-7d71-ad8d-2f2bd91059f9","json"
2121902259903323859398661248331120291,"generate_response","gpt_4o_mini","0198a9db-c770-7d71-ad8d-2f2bd91059f9","chat"
2121902271030283539736525373949003130,"classify_intent","gpt_4o_mini","0198a9db-f0e8-7d90-a239-c18a7ac650e9","json"
2121902273437243629140373714587598177,"generate_response","gpt_4o_mini","0198a9db-f0e8-7d90-a239-c18a7ac650e9","chat"
2121902279461292083206070850117342789,"classify_intent","gpt_4o_mini","0198a9dc-0c26-7511-965d-e5d4afa04b83","json"
2121902281229984796778244168864613750,"generate_response","gpt_4o_mini","0198a9dc-0c26-7511-965d-e5d4afa04b83","chat"
2121902290098651361558561027354484677,"classify_intent","gpt_4o_mini","0198a9dc-2e85-7983-8ad4-3702fd86e3fc","json"
2121902292755852589307806530068627441,"generate_response","gpt_4o_mini","0198a9dc-2e85-7983-8ad4-3702fd86e3fc","chat"
2121902301799840203062268658626078066,"classify_intent","gpt_4o_mini","0198a9dc-5454-78a1-ac62-394647ef7848","json"
2121902302956754209841706350102218275,"generate_response","gpt_4o_mini","0198a9dc-5454-78a1-ac62-394647ef7848","chat"
2121902311202842520803081334029520033,"classify_intent","gpt_4o_mini","0198a9dc-72b6-73d2-b660-d2b5b6331dd5","json"
2121902313505862107128679791270917451,"generate_response","gpt_4o_mini","0198a9dc-72b6-73d2-b660-d2b5b6331dd5","chat"
2121902321381987259261948108638640494,"classify_intent","gpt_4o_mini","0198a9dc-939a-7190-afbd-c95092d22017","json"
2121902322992335185350045632917057712,"generate_response","gpt_4o_mini","0198a9dc-939a-7190-afbd-c95092d22017","chat"
2121902330782588526304994493919016167,"classify_intent","gpt_4o_mini","0198a9dc-b1fa-7050-81a2-f0223817a3bf","json"
2121902332058053692619096284667967724,"generate_response","gpt_4o_mini","0198a9dc-b1fa-7050-81a2-f0223817a3bf","chat"
2121902340902511894376716085293537978,"classify_intent","gpt_4o_mini","0198a9dc-d2ad-7171-8f14-2e1dd1e6f250","json"
2121902343238223025819526888746322874,"generate_response","gpt_4o_mini","0198a9dc-d2ad-7171-8f14-2e1dd1e6f250","chat"
2121902353511652467392928423646336612,"classify_intent","gpt_4o_mini","0198a9dc-fb6b-7ad1-ae4d-439623c4b625","json"
2121902355611537115138065185063898490,"generate_response","gpt_4o_mini","0198a9dc-fb6b-7ad1-ae4d-439623c4b625","chat"
2121902368504721540335723677919069348,"classify_intent","gpt_4o_mini","0198a9dd-2bdd-74b0-bc81-e0c974d9e40e","json"
2121902369659240385371698413906157494,"generate_response","gpt_4o_mini","0198a9dd-2bdd-74b0-bc81-e0c974d9e40e","chat"
2121902378462671589496000687916876955,"classify_intent","gpt_4o_mini","0198a9dd-4c0a-7aa2-9391-b7034097eab3","json"
2121902380178119287390214571553934889,"generate_response","gpt_4o_mini","0198a9dd-4c0a-7aa2-9391-b7034097eab3","chat"
2121902399965801773005100221840102532,"classify_intent","gpt_4o_mini","0198a9dd-9185-7391-961e-6b2926cd4d4b","json"
2121902401823966820763145465660058476,"generate_response","gpt_4o_mini","0198a9dd-9185-7391-961e-6b2926cd4d4b","chat"
2121902413346198686904100434969907867,"classify_intent","gpt_4o_mini","0198a9dd-bcc1-74d3-b98b-67bc931f1e58","json"
2121902415145098548938362201752221359,"generate_response","gpt_4o_mini","0198a9dd-bcc1-74d3-b98b-67bc931f1e58","chat"
2121902425751025166381470486867560180,"classify_intent","gpt_4o_mini","0198a9dd-e4d6-7d02-a47d-51b2221ded17","json"
2121902427733634014147093180279258541,"generate_response","gpt_4o_mini","0198a9dd-e4d6-7d02-a47d-51b2221ded17","chat"
2121902433234285122764233831342896144,"classify_intent","gpt_4o_mini","0198a9dd-fd04-7ef1-bde2-670b0d4809f0","json"
2121902435337783579705870549267654544,"generate_response","gpt_4o_mini","0198a9dd-fd04-7ef1-bde2-670b0d4809f0","chat"
2121902446331720470521845273642417234,"classify_intent","gpt_4o_mini","0198a9de-2756-70c2-a4a2-1072c018ba23","json"
2121902447667602979019402341002506316,"generate_response","gpt_4o_mini","0198a9de-2756-70c2-a4a2-1072c018ba23","chat"
2121902456757526529117323598781004536,"classify_intent","gpt_4o_mini","0198a9de-4906-7711-933f-5b6b3dd29049","json"
2121902458819929464069028345379773538,"generate_response","gpt_4o_mini","0198a9de-4906-7711-933f-5b6b3dd29049","chat"
2121902470754444894859317591429991042,"classify_intent","gpt_4o_mini","0198a9de-7640-71d2-9650-e459aa438093","json"
2121902472247497500528024613345118257,"generate_response","gpt_4o_mini","0198a9de-7640-71d2-9650-e459aa438093","chat"
2121902478205083316312833483206169795,"classify_intent","gpt_4o_mini","0198a9de-8e53-77e0-bbff-5e90524d25a8","json"
2121902479774270560064191698945036117,"generate_response","gpt_4o_mini","0198a9de-8e53-77e0-bbff-5e90524d25a8","chat"
2121902486468105180659598429959915197,"classify_intent","gpt_4o_mini","0198a9de-a906-7ad1-90bb-bd14370b099f","json"
2121902487962358134436841899284466878,"generate_response","gpt_4o_mini","0198a9de-a906-7ad1-90bb-bd14370b099f","chat"
2121902494787888417585699668809328160,"classify_intent","gpt_4o_mini","0198a9de-c3e8-7172-91ce-35170f65c978","json"
2121902495921856687116921710964111355,"generate_response","gpt_4o_mini","0198a9de-c3e8-7172-91ce-35170f65c978","chat"
2121902504256216709006955776100773149,"classify_intent","gpt_4o_mini","0198a9de-e280-75f3-bce0-479f09a1cf4c","json"
2121902506417792563324641711427837740,"generate_response","gpt_4o_mini","0198a9de-e280-75f3-bce0-479f09a1cf4c","chat"
2121902518017392122450340119060471801,"classify_intent","gpt_4o_mini","0198a9df-0ef7-7031-b2c1-bad61566fbbb","json"
2121902521931925526233663730640515767,"generate_response","gpt_4o_mini","0198a9df-0ef7-7031-b2c1-bad61566fbbb","chat"
2121902532410927565080728989753575516,"classify_intent","gpt_4o_mini","0198a9df-3d79-7de1-87d6-890e958d9e5e","json"
2121902535899888700225864750772375788,"generate_response","gpt_4o_mini","0198a9df-3d79-7de1-87d6-890e958d9e5e","chat"
2121902541034182432901248506524224750,"classify_intent","gpt_4o_mini","0198a9df-5956-7b20-9c27-8027d106acfb","json"
2121902543158244438255323520097867892,"generate_response","gpt_4o_mini","0198a9df-5956-7b20-9c27-8027d106acfb","chat"
2121902552599982592486162393557846150,"classify_intent","gpt_4o_mini","0198a9df-7eb5-7c93-9675-d73471d93245","json"
2121902554181238953372131242518311007,"generate_response","gpt_4o_mini","0198a9df-7eb5-7c93-9675-d73471d93245","chat"
2121902569730442565923630985671792904,"classify_intent","gpt_4o_mini","0198a9df-b60f-7893-8815-99e576a30056","json"
2121902571214989843693590499637900406,"generate_response","gpt_4o_mini","0198a9df-b60f-7893-8815-99e576a30056","chat"
2121902585705185638050043022465436452,"classify_intent","gpt_4o_mini","0198a9df-e9ad-7800-b768-a47324b386ab","json"
2121902587261098568243189366633932306,"generate_response","gpt_4o_mini","0198a9df-e9ad-7800-b768-a47324b386ab","chat"
2121902598227256136512013915091036216,"classify_intent","gpt_4o_mini","0198a9e0-1223-7b92-a38e-b181ed32d9d7","json"
2121902600177204505034857005129211567,"generate_response","gpt_4o_mini","0198a9e0-1223-7b92-a38e-b181ed32d9d7","chat"
2121902611018886049537755176553176215,"classify_intent","gpt_4o_mini","0198a9e0-3b78-7891-b49e-e80fb012a40f","json"
2121902613121216055058558867979689548,"generate_response","gpt_4o_mini","0198a9e0-3b78-7891-b49e-e80fb012a40f","chat"
2121902617902504352805233274041830801,"classify_intent","gpt_4o_mini","0198a9e0-51b6-7771-a75a-c5585624a119","json"
2121902619465640104241169493150060990,"generate_response","gpt_4o_mini","0198a9e0-51b6-7771-a75a-c5585624a119","chat"
2121902627544917071424660185595466713,"classify_intent","gpt_4o_mini","0198a9e0-70de-7bc2-87b9-ef3b64671866","json"
2121902629855179588780766908804563226,"generate_response","gpt_4o_mini","0198a9e0-70de-7bc2-87b9-ef3b64671866","chat"
2121902642203148262114694059663345112,"classify_intent","gpt_4o_mini","0198a9e0-a03b-7cf3-9e02-92586906918f","json"
2121902644271586675781781264912263720,"generate_response","gpt_4o_mini","0198a9e0-a03b-7cf3-9e02-92586906918f","chat"
2121902651247101014193278143287204233,"classify_intent","gpt_4o_mini","0198a9e0-bd74-7870-b341-97c06ea3b6c8","json"
2121902652705042822945950993779398498,"generate_response","gpt_4o_mini","0198a9e0-bd74-7870-b341-97c06ea3b6c8","chat"
2121902662750016607494834201111428399,"classify_intent","gpt_4o_mini","0198a9e0-e29f-7590-824b-9c617652943f","json"
2121902664228507263795031439702808599,"generate_response","gpt_4o_mini","0198a9e0-e29f-7590-824b-9c617652943f","chat"
2121902676392777303025698175614253039,"classify_intent","gpt_4o_mini","0198a9e1-0eb4-7c83-bfa9-f28014a50100","json"
2121902678791249821965071113982488777,"generate_response","gpt_4o_mini","0198a9e1-0eb4-7c83-bfa9-f28014a50100","chat"
2121902693877455472129115132598918104,"classify_intent","gpt_4o_mini","0198a9e1-4733-7922-8e68-27a7b9140e5a","json"
2121902695297907910853922524824888369,"generate_response","gpt_4o_mini","0198a9e1-4733-7922-8e68-27a7b9140e5a","chat"
2121902705004439967502264081004798199,"classify_intent","gpt_4o_mini","0198a9e1-6b27-7fc0-b609-6e2defb3d533","json"
2121902707156318201744821410612088430,"generate_response","gpt_4o_mini","0198a9e1-6b27-7fc0-b609-6e2defb3d533","chat"
2121902716283658556214815112075729013,"classify_intent","gpt_4o_mini","0198a9e1-8f99-7331-9a25-644a84c08054","json"
2121902718083779538357138671473075466,"generate_response","gpt_4o_mini","0198a9e1-8f99-7331-9a25-644a84c08054","chat"
2121902724041350316834541740677412997,"classify_intent","gpt_4o_mini","0198a9e1-a8aa-7652-9e75-092b5e616642","json"
2121902725855960055982888133503753318,"generate_response","gpt_4o_mini","0198a9e1-a8aa-7652-9e75-092b5e616642","chat"
2121902739596623648529298551929009165,"classify_intent","gpt_4o_mini","0198a9e1-daed-7b93-9c45-a3d126623175","json"
2121902742061612472510227803968774826,"generate_response","gpt_4o_mini","0198a9e1-daed-7b93-9c45-a3d126623175","chat"
2121902749003242968451189002066731014,"classify_intent","gpt_4o_mini","0198a9e1-f952-74b2-bb09-34a9fc55f7a7","json"
2121902750987069539673882972695787731,"generate_response","gpt_4o_mini","0198a9e1-f952-74b2-bb09-34a9fc55f7a7","chat"
2121902758593646162845457403088358461,"classify_intent","gpt_4o_mini","0198a9e2-184f-7391-a639-be1e732f447a","json"
2121902760871268918985348455061140850,"generate_response","gpt_4o_mini","0198a9e2-184f-7391-a639-be1e732f447a","chat"
2121902769535637038056824151573055129,"classify_intent","gpt_4o_mini","0198a9e2-3baa-7443-8f73-6e2ab692cad3","json"
2121902771195500122092200542287018703,"generate_response","gpt_4o_mini","0198a9e2-3baa-7443-8f73-6e2ab692cad3","chat"
2121902784777823064823592357962263569,"classify_intent","gpt_4o_mini","0198a9e2-6cea-7eb3-be27-95fd5b03ebdc","json"
2121902786988945378699030225933965052,"generate_response","gpt_4o_mini","0198a9e2-6cea-7eb3-be27-95fd5b03ebdc","chat"
2121902798208920741569289687428026954,"classify_intent","gpt_4o_mini","0198a9e2-9850-7043-be0f-a748bb5d6205","json"
2121902799948622213983144457118226043,"generate_response","gpt_4o_mini","0198a9e2-9850-7043-be0f-a748bb5d6205","chat"
2121902806002936905842818355994480305,"classify_intent","gpt_4o_mini","0198a9e2-b17f-7f62-a086-6e43af727d1a","json"
2121902807463294171349900240532288912,"generate_response","gpt_4o_mini","0198a9e2-b17f-7f62-a086-6e43af727d1a","chat"
2121902818352108839121730335114234276,"classify_intent","gpt_4o_mini","0198a9e2-d966-7e42-8cc9-a5f750e92074","json"
2121902820190859940750781375726818770,"generate_response","gpt_4o_mini","0198a9e2-d966-7e42-8cc9-a5f750e92074","chat"
2121902827151827343162785409601655738,"classify_intent","gpt_4o_mini","0198a9e2-f5d5-7322-845e-2f95f392c5a9","json"
2121902828536083676142699791256321307,"generate_response","gpt_4o_mini","0198a9e2-f5d5-7322-845e-2f95f392c5a9","chat"
2121902837445834831410491062792624800,"classify_intent","gpt_4o_mini","0198a9e3-1718-7402-a252-98b3a8f5f44f","json"
2121902838897767119528126328906255794,"generate_response","gpt_4o_mini","0198a9e3-1718-7402-a252-98b3a8f5f44f","chat"
2121902848708193686986618301955858774,"classify_intent","gpt_4o_mini","0198a9e3-3b7c-7543-8f77-dbe765f6a21d","json"
2121902850291900659754162613715726657,"generate_response","gpt_4o_mini","0198a9e3-3b7c-7543-8f77-dbe765f6a21d","chat"
2121902859220995790880181500879760531,"classify_intent","gpt_4o_mini","0198a9e3-5d74-71b3-8ed9-34b735dbf200","json"
2121902861281029590673820673444558591,"generate_response","gpt_4o_mini","0198a9e3-5d74-71b3-8ed9-34b735dbf200","chat"
2121902870448298971880900718205260514,"classify_intent","gpt_4o_mini","0198a9e3-81bb-73a0-8ec6-d667998dacd4","json"
2121902871975173498869989129371515875,"generate_response","gpt_4o_mini","0198a9e3-81bb-73a0-8ec6-d667998dacd4","chat"
2121902879275864442918578933637196232,"classify_intent","gpt_4o_mini","0198a9e3-9e41-7153-a16d-625732c20f10","json"
2121902880454612865292315383179619224,"generate_response","gpt_4o_mini","0198a9e3-9e41-7153-a16d-625732c20f10","chat"
2121902890914257632750830750847930449,"classify_intent","gpt_4o_mini","0198a9e3-c3dc-7ef2-a9d5-0529f4a31f00","json"
2121902891905512721022490315007249841,"generate_response","gpt_4o_mini","0198a9e3-c3dc-7ef2-a9d5-0529f4a31f00","chat"
2121902903442347894847384837808795166,"classify_intent","gpt_4o_mini","0198a9e3-ec57-7d40-a05a-cd0fc06a9d4c","json"
2121902905215843252576172343263061754,"generate_response","gpt_4o_mini","0198a9e3-ec57-7d40-a05a-cd0fc06a9d4c","chat"
2121902918072764085780821278183348194,"classify_intent","gpt_4o_mini","0198a9e4-1b9d-7c63-8e24-5784cbc8a58d","json"
2121902920242794786971764116871048128,"generate_response","gpt_4o_mini","0198a9e4-1b9d-7c63-8e24-5784cbc8a58d","chat"
2121902930920011651519458564489017393,"classify_intent","gpt_4o_mini","0198a9e4-4520-7ae1-9dec-6fb9e9590991","json"
2121902932167581483365419287039229198,"generate_response","gpt_4o_mini","0198a9e4-4520-7ae1-9dec-6fb9e9590991","chat"
2121902940558737073627819502296433502,"classify_intent","gpt_4o_mini","0198a9e4-6445-7261-bfba-f14b9a3b595e","json"
2121902942317728877997449107910683461,"generate_response","gpt_4o_mini","0198a9e4-6445-7261-bfba-f14b9a3b595e","chat"
2121902959526840772891616807090407679,"classify_intent","gpt_4o_mini","0198a9e4-a18f-7e93-aebb-d17b47623421","json"
2121902961693220768173207885794394911,"generate_response","gpt_4o_mini","0198a9e4-a18f-7e93-aebb-d17b47623421","chat"
2121902970671876251670266344346443606,"classify_intent","gpt_4o_mini","0198a9e4-c592-73a3-9bc9-9ddc0966fd3f","json"
2121902971949726742193196239836393037,"generate_response","gpt_4o_mini","0198a9e4-c592-73a3-9bc9-9ddc0966fd3f","chat"
2121902981352742323746711922882693601,"classify_intent","gpt_4o_mini","0198a9e4-e815-7501-93bf-c82c56972aea","json"
2121902983077898064812363069880102254,"generate_response","gpt_4o_mini","0198a9e4-e815-7501-93bf-c82c56972aea","chat"
2121906613729974232613545441194304076,"generate_response","gpt_4o","0198aa12-c0ed-7b13-b372-617898002e7a","chat"
2121997645413805041796212038955401145,"generate_response","gpt_4o","0198ae8f-bc2a-7f93-8503-4cd73bfbe0e4","chat"
2121998286654637245581782775622817929,"generate_response","gpt_4o","0198ae97-d41f-7542-a208-b7e0f28798d8","chat"
2121998605890891684243736023729947612,"generate_response","gpt_4o_mini","0198ae9b-dba1-7fa0-8f40-2b8c81635fd6","chat"
2121999576016363109176534787582353504,"classify_intent","gpt_4o_mini","0198aea8-1a46-7af1-ae6f-6a7bf9fb28dd","json"
2122000094487159795034310102047156443,"classify_intent","gpt_4o_mini","0198aeae-a58b-78b0-8947-c2074768002f","json"
2122000267187033501423945292530911729,"classify_intent","gpt_4o_mini_dicl","0198aeb0-d392-72e3-9b8c-c412d16a5a02","json"
2122000425871871504537661482867294420,"classify_intent","gpt_4o_mini_dicl","0198aeb2-d44e-7af2-bb88-d8beda19e277","json"
2122000486024364549946483773422648064,"classify_intent","gpt_4o_mini_dicl","0198aeb3-96ab-74d0-bec0-c579142f35af","json"
2122000608264913262366311955148672713,"classify_intent","gpt_4o_mini_dicl","0198aeb5-21a6-77e0-bc85-a7f2626914a0","json"
2122005407943379695194056859043746640,"classify_intent","gpt_4o_mini_dicl","0198aef1-b63f-7133-a79b-ba0d5a93ffb9","json"
2122005530413674194284276154417475455,"classify_intent","gpt_4o_mini_dicl","0198aef3-41f8-7ed3-b287-4aba011ebab3","json"
2122005671836173032036853996026853236,"classify_intent","gpt_4o_mini_dicl","0198aef5-0aee-71d3-9bbe-d1d02923ef47","json"
2122005673487583652201790560388295172,"generate_response","gpt_4o_mini","0198aef5-0aee-71d3-9bbe-d1d02923ef47","chat"
2122005694909729692668609667856279920,"classify_intent","gpt_4o_mini_dicl","0198aef5-557d-7872-850b-f27257a0e8e8","json"
2122005698523221991965406125558162411,"generate_response","gpt_4o_mini","0198aef5-557d-7872-850b-f27257a0e8e8","chat"
2122005906503188757049291494571869311,"classify_intent","gpt_4o_mini_dicl","0198aef8-012e-7350-9886-c1e7a18fd1db","json"
2122006153839776382227127669337999641,"classify_intent","gpt_4o_mini_dicl","0198aefb-205e-7b02-83a6-c2ead9a5ed6c","json"
2122006270883157427755303164903540501,"classify_intent","gpt_4o_mini_dicl","0198aefc-9a8e-7f02-bea9-fc81bfe898ea","json"
2122006668610039057873098889397635884,"classify_intent","gpt_4o_mini_dicl","0198af01-9fae-7632-b52d-278e2f526f9d","json"
2122007365414310558870787254065467939,"classify_intent","gpt_4o_mini_dicl","0198af0a-6b2d-7222-a2c1-b31fb36de50e","json"
2122007454043095610907740816931334246,"classify_intent","gpt_4o_mini_dicl","0198af0b-898d-7563-8b52-c04c8036d0ea","json"
2122007536599431183007667501929423189,"classify_intent","gpt_4o_mini_dicl","0198af0c-944e-7572-87a6-8a0bdb76d6c5","json"
2122007609701993392616479544790057749,"classify_intent","gpt_4o_mini_dicl","0198af0d-8083-7b20-a028-566fb9cb5788","json"
2122007700002689503971168697162820290,"classify_intent","gpt_4o_mini_dicl","0198af0e-a44a-7751-ab79-581c25c606ff","json"
2122007701830600983951686493398146558,"generate_response","gpt_4o_mini_dicl","0198af0e-a44a-7751-ab79-581c25c606ff","json"
2122007787160176084922073812901890633,"classify_intent","gpt_4o_mini_dicl","0198af0f-bde9-7300-a458-ba5279f254c5","json"
2122007790048346240920411108214948468,"generate_response","gpt_4o_mini_dicl","0198af0f-bde9-7300-a458-ba5279f254c5","json"
2122007871104395721890318810427072333,"classify_intent","gpt_4o_mini_dicl","0198af10-cd26-7af1-8ac3-6eace6816662","json"
2122007875088968316222367566177875148,"generate_response","gpt_4o_mini_dicl","0198af10-cd26-7af1-8ac3-6eace6816662","json"
2122007937185467260977294117057428330,"classify_intent","gpt_4o_mini_dicl","0198af11-a2ab-7623-af38-3333cfe2591d","json"
2122007940568083280804276862035494952,"generate_response","gpt_4o_mini_dicl","0198af11-a2ab-7623-af38-3333cfe2591d","json"
2122008610824354981552718060075011639,"classify_intent","gpt_4o","0198af1a-2350-7d40-8d83-4e759239c8c3","json"
2122008612414088949807568529876350164,"generate_response","gpt_4o_mini_dicl","0198af1a-2350-7d40-8d83-4e759239c8c3","json"
2122008852295178159891627104760216155,"classify_intent","gpt_4o","0198af1d-2f8c-7902-a4c9-001e6d3d9c23","json"
2122008854191970061231590091590115326,"generate_response","gpt_4o_mini_dicl","0198af1d-2f8c-7902-a4c9-001e6d3d9c23","json"
2122009137722532902838587238995610669,"classify_intent","gpt_4o","0198af20-c9d0-7263-992f-b3dc65f3c9cd","json"
2122009140313283660179632590186769586,"generate_response","gpt_4o_mini_dicl","0198af20-c9d0-7263-992f-b3dc65f3c9cd","json"
2122009313651514732288626006362388307,"classify_intent","gpt_4o","0198af23-0245-7d62-bb23-a1b9cf7d9c4c","json"
2122009315342782141767143295789638803,"generate_response","gpt_4o","0198af23-0245-7d62-bb23-a1b9cf7d9c4c","json"
2122009820775307148393911573872208471,"classify_intent","gpt_4o","0198af29-68e0-7583-8ffe-9d45fa0d3d21","json"
2122009822400106644276924713458255640,"generate_response","gpt_4o","0198af29-68e0-7583-8ffe-9d45fa0d3d21","json"
2122010341466903836077231673790649337,"classify_intent","gpt_4o","0198af2f-fb52-73f3-bfc4-bf361c5518a5","json"
2122010344167695433323244238905459070,"generate_response","gpt_4o","0198af2f-fb52-73f3-bfc4-bf361c5518a5","json"
2122010609189561143967945091884853198,"classify_intent","gpt_4o","0198af33-5c61-71d1-96e6-fa5fa97780ee","json"
2122010611386239845520856119917839142,"generate_response","gpt_4o_mini_dicl","0198af33-5c61-71d1-96e6-fa5fa97780ee","json"
2122010978563595586020404447467313137,"classify_intent","gpt_4o","0198af38-05e4-7c13-ae0e-1b4491d69f1d","json"
2122010980451886619477086343000421859,"generate_response","gpt_4o","0198af38-05e4-7c13-ae0e-1b4491d69f1d","json"
2122011046108651700182326565203940002,"classify_intent","gpt_4o","0198af38-e024-7210-a950-93aa9ed177f5","json"
2122011048435888227444902667809701131,"generate_response","gpt_4o","0198af38-e024-7210-a950-93aa9ed177f5","json"
2122011213761273960655853437956858719,"classify_intent","gpt_4o","0198af3a-fddb-71c0-8bd6-3c043ed017e4","json"
2122011215528764849569711774781269103,"generate_response","gpt_4o_mini","0198af3a-fddb-71c0-8bd6-3c043ed017e4","json"
2122011290949972476923845205198380328,"classify_intent","gpt_4o","0198af3b-f744-7073-adf7-758b0c4893de","json"
2122011292372942783698916372559679631,"generate_response","gpt_4o_mini","0198af3b-f744-7073-adf7-758b0c4893de","json"
2122011510596092271647509819718167328,"classify_intent","gpt_4o","0198af3e-bcfb-7380-a6ef-b2a2282a63c4","json"
2122011514202370584113832288026675785,"generate_response","gpt_4o_mini_dicl","0198af3e-bcfb-7380-a6ef-b2a2282a63c4","json"
2122011561981490432370242210472658034,"classify_intent","gpt_4o","0198af3f-6304-74d0-a581-73548d6514c3","json"
2122011563722355142891523339055854368,"generate_response","gpt_4o_mini_dicl","0198af3f-6304-74d0-a581-73548d6514c3","json"
2122011700583665424285142160435592342,"classify_intent","gpt_4o","0198af41-22dd-7d02-84de-39851a54a714","json"
2122011702472002538889767766266159747,"generate_response","gpt_4o_mini_dicl","0198af41-22dd-7d02-84de-39851a54a714","json"
2122012175875254519234681649825856557,"classify_intent","gpt_4o","0198af47-229d-79e3-8f84-740d6e89ed88","json"
2122012178637624929279858098807256184,"generate_response","gpt_4o_mini_dicl","0198af47-229d-79e3-8f84-740d6e89ed88","json"
2122012411602459563382805381410726838,"classify_intent","gpt_4o","0198af4a-1c4a-7332-b35f-eedee733af8d","json"
2122012413058027206045890569310710425,"generate_response","gpt_4o_mini_dicl","0198af4a-1c4a-7332-b35f-eedee733af8d","json"
2122012469546292690495376658103755142,"classify_intent","gpt_4o","0198af4a-d784-7722-a0da-5ebb17b52375","json"
2122012471340359524388283085311679439,"generate_response","gpt_4o_mini_dicl","0198af4a-d784-7722-a0da-5ebb17b52375","json"
2122013606027205982680949674252877212,"classify_intent","gpt_4o","0198af59-2faf-7181-9cfc-17c6ec394a12","json"
2122015193702274731452401346570854549,"classify_intent","gpt_4o","0198af6d-39bd-7ab2-89aa-24ae9da89e59","json"
2122015195408078178835004230036672514,"generate_response","gpt_4o","0198af6d-39bd-7ab2-89aa-24ae9da89e59","json"
2122015388767298792768571830611430298,"classify_intent","gpt_4o","0198af6f-b007-7c41-b2d4-f21951ed6874","json"
2122015389991888979075150195997013070,"generate_response","gpt_4o_mini_dicl","0198af6f-b007-7c41-b2d4-f21951ed6874","json"
